Assay_Name,Sample_Name,Genotype_Converted,ID
amke_CG2_clock,18N00596,T:T,S53-A01
amke_CG3_nacc2,18N00596,C:G,S53-A02
amke_lfmm10,18N00596,A:C,S53-A03
amke_lfmm1,18N00596,C:G,S53-A04
amke_popID96,18N00596,T:C,S53-A05
amke_popID97,18N00596,G:G,S53-A06
amke_popID98,18N00596,G:G,S53-A07
amke_popID99,18N00596,A:A,S53-A08
amke_popID100,18N00596,G:G,S53-A09
amke_popID101,18N00596,C:T,S53-A10
amke_popID102,18N00596,C:C,S53-A11
amke_popID103,18N00596,C:C,S53-A12
amke_CG4_cpne4,18N00596,T:T,S53-A13
amke_CG5_scn5a,18N00596,T:C,S53-A14
amke_lfmm11,18N00596,G:G,S53-A15
amke_lfmm2,18N00596,G:G,S53-A16
amke_popID104,18N00596,C:C,S53-A17
amke_popID105,18N00596,T:T,S53-A18
amke_popID106,18N00596,A:G,S53-A19
amke_popID107,18N00596,T:T,S53-A20
amke_popID108,18N00596,A:C,S53-A21
amke_popID109,18N00596,A:A,S53-A22
amke_popID110,18N00596,G:G,S53-A23
amke_popID111,18N00596,G:G,S53-A24
amke_CG6_lmbr1,18N00596,T:C,S53-A25
amke_CG7_htr2c,18N00596,T:T,S53-A26
amke_lfmm3,18N00596,C:C,S53-A27
amke_lfmm6,18N00596,A:A,S53-A28
amke_popID112,18N00596,T:T,S53-A29
amke_popID113,18N00596,G:G,S53-A30
amke_popID114,18N00596,A:A,S53-A31
amke_popID115,18N00596,G:A,S53-A32
amke_popID116,18N00596,C:T,S53-A33
amke_popID117,18N00596,C:C,S53-A34
amke_popID118,18N00596,C:T,S53-A35
amke_popID119,18N00596,C:C,S53-A36
amke_CG8_npas2,18N00596,C:T,S53-A37
amke_CG9_npas2,18N00596,T:T,S53-A38
amke_lfmm9,18N00596,T:T,S53-A39
amke_lfmm13,18N00596,C:C,S53-A40
amke_popID120,18N00596,T:T,S53-A41
amke_popID121,18N00596,T:T,S53-A42
amke_popID122,18N00596,C:G,S53-A43
amke_popID123,18N00596,C:C,S53-A44
amke_popID124,18N00596,A:A,S53-A45
amke_popID125,18N00596,G:G,S53-A46
amke_popID126,18N00596,C:T,S53-A47
amke_popID127,18N00596,G:G,S53-A48
amke_popID129,18N00596,C:T,S53-A54
amke_popID128,18N00596,G:G,S53-A53
amke_lfmm4,18N00596,A:G,S53-A52
amke_lfmm15,18N00596,T:C,S53-A51
amke_CG15_cpne4,18N00596,G:G,S53-A50
amke_CG10_top1,18N00596,A:G,S53-A49
amke_popID135,18N00596,T:T,S53-A60
amke_popID134,18N00596,C:C,S53-A59
amke_popID133,18N00596,C:C,S53-A58
amke_popID132,18N00596,G:G,S53-A57
amke_popID131,18N00596,A:A,S53-A56
amke_popID130,18N00596,T:T,S53-A55
amke_popID137,18N00596,A:A,S53-A66
amke_popID136,18N00596,C:C,S53-A65
amke_lfmm5,18N00596,A:A,S53-A64
amke_lfmm14,18N00596,C:C,S53-A63
amke_CG12_peak1,18N00596,C:C,S53-A62
amke_CG11_phlpp1,18N00596,T:T,S53-A61
amke_popID143,18N00596,G:G,S53-A72
amke_popID142,18N00596,G:G,S53-A71
amke_popID141,18N00596,A:A,S53-A70
amke_popID140,18N00596,A:A,S53-A69
amke_popID139,18N00596,G:G,S53-A68
amke_popID138,18N00596,C:C,S53-A67
amke_popID147,18N00596,C:C,S53-A78
amke_popID146,18N00596,G:G,S53-A77
amke_popID145,18N00596,C:C,S53-A76
amke_lfmm12,18N00596,C:C,S53-A75
amke_CG13_szt2,18N00596,G:G,S53-A74
amke_popID144,18N00596,G:A,S53-A73
amke_popID153,18N00596,A:G,S53-A84
amke_popID152,18N00596,C:C,S53-A83
amke_popID151,18N00596,C:C,S53-A82
amke_popID150,18N00596,T:T,S53-A81
amke_popID149,18N00596,A:A,S53-A80
amke_popID148,18N00596,C:C,S53-A79
amke_popID156,18N00596,T:C,S53-A90
amke_popID155,18N00596,T:T,S53-A89
amke_popID154,18N00596,C:C,S53-A88
amke_lfmm8,18N00596,T:T,S53-A87
amke_lfmm7,18N00596,G:G,S53-A86
amke_CG14_cry1,18N00596,T:C,S53-A85
amke_popID162,18N00596,T:T,S53-A96
amke_popID161,18N00596,C:C,S53-A95
amke_popID160,18N00596,G:G,S53-A94
amke_popID159,18N00596,A:A,S53-A93
amke_popID158,18N00596,T:T,S53-A92
amke_popID157,18N00596,G:G,S53-A91
